word,class
lesbian,toxic
drunk,toxic
evil,toxic
prostitutes,toxic
mexicans,toxic
gays,toxic
morons,toxic
psychopath,toxic
ridiculous,toxic
trumptards,toxic
idiot,toxic
iraq,toxic
awful,toxic
dumb,toxic
statement,toxic
kill,toxic
plagiarist,toxic
moronski,toxic
stupidity,toxic
dodgy,toxic
cowardly,toxic
attempting,toxic
bait,toxic
guy,toxic
jews,toxic
mainstream,toxic
terrorist,toxic
force,toxic
ignorant,toxic
long,toxic
hiney,toxic
nut,toxic
dotard,toxic
narcism,toxic
lazy,toxic
muslims,toxic
wanker,toxic
fuck,toxic
horseshit,toxic
blm,toxic
republicans,toxic
liar,toxic
clueless,toxic
idiotic,toxic
crap,toxic
buffoon,toxic
mandydewaal,toxic
white,toxic
idiots,toxic
thieves,toxic
bigot,toxic
killer,toxic
ludicrous,toxic
hought,toxic
lost,toxic
bahble,toxic
trash,toxic
traitorous,toxic
attack,toxic
mediocr,toxic
knuckleheads,toxic
poorly,toxic
nanakuli,toxic
harmless,toxic
bs,toxic
presidency,toxic
nutshell,toxic
suck,toxic
pages,toxic
dylann,toxic
sick,toxic
rp,toxic
pigs,toxic
unfit,toxic
understaning,toxic
neonazis,toxic
heck,toxic
mad,toxic
sexual,toxic
stupider,toxic
threatening,toxic
weak,toxic
kook,toxic
bitch,toxic
scumbag,toxic
homosexuality,toxic
pussies,toxic
nazi,toxic
crazyasscrackalivesmatter,toxic
racism,toxic
illiterate,toxic
fascist,toxic
dead,toxic
buffoons,toxic
either,toxic
rebuild,toxic
dumpy,toxic
illegitimate,toxic
crazy,toxic
vagina,toxic
suckers,toxic
lunatics,toxic
little,toxic
coward,toxic
bastards,toxic
stella,toxic
darn,toxic
shoot,toxic
backing,toxic
troll,toxic
patsy,toxic
gea,toxic
regardless,toxic
asses,toxic
losers,toxic
trolls,toxic
stink,toxic
sucker,toxic
shit,toxic
scum,toxic
ass,toxic
rediculous,toxic
stuff,toxic
lunatic,toxic
largassitis,toxic
fukcin,toxic
balls,toxic
slap,toxic
idiocy,toxic
spanked,toxic
sucks,toxic
hypocrite,toxic
steal,toxic
silly,toxic
ignorance,toxic
insane,toxic
supremacist,toxic
government,toxic
jerks,toxic
fools,toxic
coke,toxic
but,toxic
terrible,toxic
fraudster,toxic
imbecile,toxic
anal,toxic
bigots,toxic
dumber,toxic
harm,toxic
disgusting,toxic
leftist,toxic
racist,toxic
shite,toxic
jackass,toxic
freaking,toxic
pussy,toxic
niggers,toxic
useless,toxic
sad,toxic
damn,toxic
catholic,toxic
butt,toxic
kuffirphobia,toxic
stupidest,toxic
choose,toxic
nazis,toxic
trudeau,toxic
chumps,toxic
laziness,toxic
sluts,toxic
before,toxic
trump,toxic
traitor,toxic
devil,toxic
bullshit,toxic
potus,toxic
clown,toxic
corrupt,toxic
hypocrites,toxic
stuck,toxic
christians,toxic
ethnicities,toxic
hemorrhoids,toxic
pathetic,toxic
racists,toxic
look,toxic
inhuman,toxic
black,toxic
nigggers,toxic
skilled,toxic
folks,toxic
stupid,toxic
hypocrisy,toxic
most,toxic
ugly,toxic
working,toxic
man,toxic
bad,toxic
claw,toxic
dufus,toxic
stupidiarity,toxic
shooter,toxic
fool,toxic
restraint,toxic
seems,toxic
foolish,toxic
herd,toxic
lynching,toxic
nonsense,toxic
dirty,toxic
nuts,toxic
clumsy,toxic
friggn,toxic
trumpnut,toxic
clowns,toxic
hypocritical,toxic
incompetence,toxic
traitors,toxic
rapists,toxic
garbage,toxic
asshole,toxic
shut,toxic
loser,toxic
hating,toxic
moron,toxic
troglodytes,toxic
trumpniks,toxic
fakin,toxic
muchsmarterthan,toxic
jerk,toxic
shot,toxic
ridicule,toxic
pig,toxic
dearborn,toxic
barefoot,toxic
gender,non toxic
that,non toxic
race,non toxic
bloodline,non toxic
demagogue,non toxic
follow,non toxic
withdrawl,non toxic
many,non toxic
equally,non toxic
out,non toxic
economic,non toxic
both,non toxic
theorizing,non toxic
chair,non toxic
mute,non toxic
sits,non toxic
hamas,non toxic
mascot,non toxic
bounty,non toxic
grossly,non toxic
defunct,non toxic
implying,non toxic
controls,non toxic
beings,non toxic
huckabee,non toxic
felt,non toxic
still,non toxic
crock,non toxic
meth,non toxic
president,non toxic
arrested,non toxic
ammo,non toxic
oaths,non toxic
perform,non toxic
diverse,non toxic
write,non toxic
tina,non toxic
thanks,non toxic
lebrun,non toxic
shake,non toxic
negotiator,non toxic
millennial,non toxic
did,non toxic
wit,non toxic
soccer,non toxic
reasonable,non toxic
load,non toxic
million,non toxic
middens,non toxic
area,non toxic
real,non toxic
gay,non toxic
strived,non toxic
drunken,non toxic
leads,non toxic
eastman,non toxic
emotional,non toxic
why,non toxic
science√©,non toxic
sneer,non toxic
automation,non toxic
criminalizing,non toxic
activists,non toxic
started,non toxic
blockbuster,non toxic
patrons,non toxic
races,non toxic
hole,non toxic
nbc,non toxic
moronic,non toxic
blood,non toxic
dumbest,non toxic
planet,non toxic
civil,non toxic
canadian,non toxic
bumper,non toxic
blackmailed,non toxic
massive,non toxic
pointing,non toxic
limited,non toxic
cheetolini,non toxic
born,non toxic
rope,non toxic
rants,non toxic
straighten,non toxic
of,non toxic
schatz,non toxic
numerous,non toxic
account,non toxic
bernie,non toxic
wants,non toxic
zero,non toxic
airport,non toxic
vacuous,non toxic
validity,non toxic
abusing,non toxic
schimatic,non toxic
disgraceful,non toxic
toady,non toxic
taxpayer,non toxic
cheapest,non toxic
pedestrians,non toxic
bill,non toxic
parliament,non toxic
missile,non toxic
embarass,non toxic
defend,non toxic
wes,non toxic
crook,non toxic
means,non toxic
respond,non toxic
sore,non toxic
mentally,non toxic
popular,non toxic
twain,non toxic
forgot,non toxic
on,non toxic
six,non toxic
investments,non toxic
route,non toxic
amended,non toxic
friggin,non toxic
ala,non toxic
rest,non toxic
ol,non toxic
tojo,non toxic
owed,non toxic
how,non toxic
charged,non toxic
wider,non toxic
virtually,non toxic
survives,non toxic
does,non toxic
magically,non toxic
having,non toxic
lottery,non toxic
violent,non toxic
read,non toxic
major,non toxic
gangs,non toxic
admire,non toxic
teaching,non toxic
science,non toxic
over,non toxic
college,non toxic
wake,non toxic
lease,non toxic
stay,non toxic
smoked,non toxic
come,non toxic
spending,non toxic
sue,non toxic
put,non toxic
feral,non toxic
effective,non toxic
deprive,non toxic
sooo,non toxic
worshipers,non toxic
fringe,non toxic
dem,non toxic
wire,non toxic
tales,non toxic
queen,non toxic
done,non toxic
bucks,non toxic
orbitz,non toxic
hagemeister,non toxic
elderly,non toxic
bring,non toxic
hospitals,non toxic
thick,non toxic
attempt,non toxic
product,non toxic
mcnown,non toxic
digging,non toxic
adjust,non toxic
saggy,non toxic
british,non toxic
rich,non toxic
albertans,non toxic
hippocrates,non toxic
leo,non toxic
deals,non toxic
austen,non toxic
losing,non toxic
took,non toxic
ka,non toxic
attacked,non toxic
dedicated,non toxic
let,non toxic
slave,non toxic
going,non toxic
donald,non toxic
easily,non toxic
murdering,non toxic
attempted,non toxic
loud,non toxic
running,non toxic
always,non toxic
sleaze,non toxic
raised,non toxic
youre,non toxic
bury,non toxic
enjoying,non toxic
looks,non toxic
trumpcare,non toxic
break,non toxic
personal,non toxic
cases,non toxic
shares,non toxic
helps,non toxic
second,non toxic
fails,non toxic
bee,non toxic
doors,non toxic
encourage,non toxic
safety,non toxic
typical,non toxic
utter,non toxic
irresponsible,non toxic
make,non toxic
homes,non toxic
anybody,non toxic
contract,non toxic
leadership,non toxic
intellectually,non toxic
contradicted,non toxic
whacked,non toxic
neighbors,non toxic
caps,non toxic
action,non toxic
joint,non toxic
lived,non toxic
geographical,non toxic
reason,non toxic
responsibility,non toxic
photos,non toxic
gotta,non toxic
brilliant,non toxic
problems,non toxic
oil,non toxic
acted,non toxic
legit,non toxic
demanding,non toxic
glimpses,non toxic
lend,non toxic
charge,non toxic
impossible,non toxic
kosher,non toxic
creations,non toxic
inability,non toxic
concept,non toxic
experts,non toxic
liberal,non toxic
neglect,non toxic
three,non toxic
eskom,non toxic
koreans,non toxic
historic,non toxic
such,non toxic
kim,non toxic
hat,non toxic
credibility,non toxic
jesus,non toxic
sooner,non toxic
observably,non toxic
openly,non toxic
acts,non toxic
harmed,non toxic
outbreaks,non toxic
fruit,non toxic
innocent,non toxic
negotiating,non toxic
glorified,non toxic
cause,non toxic
reputation,non toxic
last,non toxic
spare,non toxic
marijuana,non toxic
relatives,non toxic
nears,non toxic
enemy,non toxic
car,non toxic
road,non toxic
appearing,non toxic
bigotry,non toxic
tons,non toxic
question,non toxic
killing,non toxic
boat,non toxic
misstatement,non toxic
form,non toxic
rate,non toxic
sisulu,non toxic
seven,non toxic
poor,non toxic
epidemic,non toxic
clemente,non toxic
hard,non toxic
gun,non toxic
escapes,non toxic
missed,non toxic
as,non toxic
narcissists,non toxic
wilderness,non toxic
oklahoma,non toxic
agreement,non toxic
accorded,non toxic
turning,non toxic
marginalize,non toxic
given,non toxic
disturbing,non toxic
palin,non toxic
online,non toxic
culture,non toxic
taught,non toxic
sa,non toxic
trailer,non toxic
broken,non toxic
situations,non toxic
provinces,non toxic
buy,non toxic
great,non toxic
umnak,non toxic
chunk,non toxic
drinking,non toxic
oldest,non toxic
lets,non toxic
practice,non toxic
fear,non toxic
breath,non toxic
thirst,non toxic
doofus,non toxic
otherwise,non toxic
comedy,non toxic
falling,non toxic
struggle,non toxic
bullets,non toxic
union,non toxic
reality,non toxic
irrational,non toxic
yep,non toxic
sure,non toxic
rioters,non toxic
globalists,non toxic
extension,non toxic
vehicle,non toxic
bridge,non toxic
ones,non toxic
describing,non toxic
lots,non toxic
mexican,non toxic
thought,non toxic
owes,non toxic
november,non toxic
smack,non toxic
within,non toxic
result,non toxic
immaturity,non toxic
alaska,non toxic
rooftop,non toxic
model,non toxic
election,non toxic
constantly,non toxic
claiming,non toxic
consent,non toxic
worship,non toxic
arrogant,non toxic
notifying,non toxic
ok,non toxic
user,non toxic
approve,non toxic
refers,non toxic
hire,non toxic
replace,non toxic
douchebag,non toxic
post,non toxic
elites,non toxic
closing,non toxic
driver,non toxic
portion,non toxic
turned,non toxic
behavior,non toxic
dominant,non toxic
rhetorical,non toxic
deport,non toxic
non,non toxic
northern,non toxic
writing,non toxic
fakes,non toxic
today,non toxic
festing,non toxic
alot,non toxic
nkorea,non toxic
ceaseless,non toxic
ensure,non toxic
whores,non toxic
dianne,non toxic
land,non toxic
revolution,non toxic
snowflakes,non toxic
whenever,non toxic
attorney,non toxic
population,non toxic
corp,non toxic
weekend,non toxic
banana,non toxic
show,non toxic
disgusted,non toxic
piece,non toxic
drive,non toxic
income,non toxic
strategically,non toxic
prosecute,non toxic
pushing,non toxic
its,non toxic
scheer,non toxic
sir,non toxic
re,non toxic
size,non toxic
total,non toxic
crooked,non toxic
court,non toxic
marxists,non toxic
motivated,non toxic
says,non toxic
commission,non toxic
charter,non toxic
insult,non toxic
rounded,non toxic
hope,non toxic
blown,non toxic
dislike,non toxic
fair,non toxic
sanders,non toxic
quoting,non toxic
much,non toxic
prompted,non toxic
wearing,non toxic
characteristic,non toxic
ride,non toxic
makes,non toxic
persons,non toxic
disservice,non toxic
pockets,non toxic
roundabouts,non toxic
complex,non toxic
asians,non toxic
speaking,non toxic
based,non toxic
pfd,non toxic
retirement,non toxic
enough,non toxic
parasites,non toxic
rail,non toxic
soros,non toxic
exacly,non toxic
should,non toxic
governors,non toxic
bigly,non toxic
chronicled,non toxic
koch,non toxic
complete,non toxic
perps,non toxic
ashamed,non toxic
antics,non toxic
nugent,non toxic
handed,non toxic
bothered,non toxic
backs,non toxic
anything,non toxic
chanced,non toxic
uttered,non toxic
busimywho,non toxic
afford,non toxic
flynn,non toxic
schill,non toxic
sometimes,non toxic
hype,non toxic
assholes,non toxic
coupled,non toxic
dylan,non toxic
redeeming,non toxic
divide,non toxic
laws,non toxic
tanked,non toxic
finesse,non toxic
conservatives,non toxic
bufoon,non toxic
bestselling,non toxic
beautify,non toxic
hysterical,non toxic
give,non toxic
love,non toxic
narcissistic,non toxic
main,non toxic
expedient,non toxic
independently,non toxic
highly,non toxic
sees,non toxic
specific,non toxic
face,non toxic
due,non toxic
better,non toxic
hearths,non toxic
stood,non toxic
young,non toxic
impulse,non toxic
witness,non toxic
is,non toxic
refuse,non toxic
delusion,non toxic
signaling,non toxic
assault,non toxic
letters,non toxic
hear,non toxic
longevity,non toxic
drink,non toxic
team,non toxic
picked,non toxic
rates,non toxic
taxpaying,non toxic
likes,non toxic
tourists,non toxic
apparently,non toxic
senators,non toxic
launders,non toxic
cannot,non toxic
plans,non toxic
served,non toxic
cram,non toxic
each,non toxic
blame,non toxic
corporations,non toxic
snow,non toxic
st,non toxic
departments,non toxic
feet,non toxic
claim,non toxic
happened,non toxic
ave,non toxic
legislative,non toxic
success,non toxic
accepted,non toxic
please,non toxic
alcohol,non toxic
someone,non toxic
primarily,non toxic
fittest,non toxic
talkeetna,non toxic
crisis,non toxic
equalization,non toxic
plant,non toxic
growth,non toxic
benefits,non toxic
advocate,non toxic
studies,non toxic
males,non toxic
hide,non toxic
randy,non toxic
stop,non toxic
kissing,non toxic
dems,non toxic
damages,non toxic
phones,non toxic
silver,non toxic
apply,non toxic
elementary,non toxic
knows,non toxic
showed,non toxic
general,non toxic
boycott,non toxic
eager,non toxic
courageous,non toxic
yard,non toxic
muslim,non toxic
diploma,non toxic
bodies,non toxic
hook,non toxic
borrow,non toxic
decision,non toxic
terrorists,non toxic
maria,non toxic
adult,non toxic
pregnant,non toxic
changes,non toxic
pipe,non toxic
portland,non toxic
green,non toxic
couple,non toxic
ever,non toxic
advice,non toxic
enjoy,non toxic
bedrock,non toxic
start,non toxic
inane,non toxic
environmental,non toxic
hacking,non toxic
secret,non toxic
turnips,non toxic
nipped,non toxic
gone,non toxic
visitor,non toxic
declined,non toxic
becoming,non toxic
hawks,non toxic
reaching,non toxic
late,non toxic
nationalists,non toxic
preach,non toxic
genocide,non toxic
bin,non toxic
barrage,non toxic
beds,non toxic
substances,non toxic
perhaps,non toxic
poster,non toxic
screaming,non toxic
slightly,non toxic
excuse,non toxic
buttfuckers,non toxic
four,non toxic
find,non toxic
remain,non toxic
situation,non toxic
fared,non toxic
bum,non toxic
butthurt,non toxic
imploding,non toxic
prison,non toxic
names,non toxic
him,non toxic
stabbing,non toxic
hearings,non toxic
concern,non toxic
condemning,non toxic
appearance,non toxic
spends,non toxic
selling,non toxic
contraband,non toxic
maybe,non toxic
petroleum,non toxic
islamist,non toxic
likely,non toxic
defects,non toxic
nevermind,non toxic
faster,non toxic
nukes,non toxic
university,non toxic
offense,non toxic
time,non toxic
i,non toxic
strike,non toxic
exceed,non toxic
willfully,non toxic
scream,non toxic
temporary,non toxic
pelosi,non toxic
owner,non toxic
perfectly,non toxic
notice,non toxic
honolulu,non toxic
into,non toxic
wyoming,non toxic
idea,non toxic
graduated,non toxic
hitler,non toxic
know,non toxic
following,non toxic
fly,non toxic
consumption,non toxic
compass,non toxic
crept,non toxic
trashy,non toxic
troops,non toxic
won,non toxic
educational,non toxic
oh,non toxic
noble,non toxic
deformation,non toxic
insurance,non toxic
celebrating,non toxic
committing,non toxic
bush,non toxic
creating,non toxic
usury,non toxic
shylock,non toxic
expelled,non toxic
sock,non toxic
christian,non toxic
odor,non toxic
oppressed,non toxic
bloom,non toxic
outright,non toxic
anchorage,non toxic
high,non toxic
viewed,non toxic
slate,non toxic
daddy,non toxic
brooklyn,non toxic
absoltutely,non toxic
uneducated,non toxic
beer,non toxic
caution,non toxic
back,non toxic
impressing,non toxic
war,non toxic
guess,non toxic
terrified,non toxic
crime,non toxic
statistical,non toxic
freak,non toxic
meant,non toxic
boon,non toxic
kind,non toxic
fault,non toxic
fired,non toxic
played,non toxic
fans,non toxic
wynne,non toxic
standoff,non toxic
contractors,non toxic
democrate,non toxic
disturbed,non toxic
bumbling,non toxic
bringing,non toxic
whoever,non toxic
usual,non toxic
obey,non toxic
n,non toxic
spewing,non toxic
provoking,non toxic
network,non toxic
recreational,non toxic
charity,non toxic
blatently,non toxic
detritus,non toxic
solid,non toxic
national,non toxic
heart,non toxic
sport,non toxic
figure,non toxic
decades,non toxic
civilians,non toxic
neil,non toxic
exists,non toxic
apologies,non toxic
convenience,non toxic
judge,non toxic
englandmen,non toxic
ready,non toxic
these,non toxic
owners,non toxic
attendance,non toxic
raped,non toxic
simple,non toxic
bushies,non toxic
order,non toxic
donates,non toxic
oahu,non toxic
nearly,non toxic
stances,non toxic
unite,non toxic
pure,non toxic
site,non toxic
learned,non toxic
posts,non toxic
whine,non toxic
alaskan,non toxic
technology,non toxic
hand,non toxic
strategic,non toxic
pansy,non toxic
loose,non toxic
hidden,non toxic
craven,non toxic
discipline,non toxic
discourse,non toxic
first,non toxic
be,non toxic
hiding,non toxic
worried,non toxic
chose,non toxic
admitted,non toxic
bigoted,non toxic
impeach,non toxic
pedaling,non toxic
send,non toxic
china,non toxic
diplomatic,non toxic
ask,non toxic
period,non toxic
serious,non toxic
meal,non toxic
room,non toxic
blah,non toxic
proposed,non toxic
looking,non toxic
crosses,non toxic
some,non toxic
machine,non toxic
france,non toxic
career,non toxic
hateful,non toxic
requires,non toxic
wilt,non toxic
gary,non toxic
uranium,non toxic
fauning,non toxic
starred,non toxic
here,non toxic
intolerant,non toxic
further,non toxic
cure,non toxic
indulge,non toxic
activities,non toxic
thrown,non toxic
shores,non toxic
listen,non toxic
door,non toxic
deductables,non toxic
seattle,non toxic
crushes,non toxic
teenagers,non toxic
studied,non toxic
shore,non toxic
up,non toxic
fucking,non toxic
around,non toxic
dunleavy,non toxic
sex,non toxic
alternative,non toxic
sustainable,non toxic
nod,non toxic
silent,non toxic
members,non toxic
robbers,non toxic
skewered,non toxic
belief,non toxic
alberta,non toxic
projected,non toxic
member,non toxic
held,non toxic
disguising,non toxic
intellectual,non toxic
planned,non toxic
et,non toxic
evaluate,non toxic
busy,non toxic
wish,non toxic
loved,non toxic
span,non toxic
reference,non toxic
promise,non toxic
berkie,non toxic
inherent,non toxic
threatened,non toxic
north,non toxic
humanity,non toxic
enjoyed,non toxic
carpetbagging,non toxic
taxing,non toxic
intolerance,non toxic
operates,non toxic
oath,non toxic
truth,non toxic
with,non toxic
theories,non toxic
low,non toxic
firing,non toxic
differences,non toxic
cost,non toxic
bloated,non toxic
sop,non toxic
august,non toxic
lip,non toxic
coal,non toxic
ostensibly,non toxic
freedom,non toxic
special,non toxic
changed,non toxic
lesbians,non toxic
yell,non toxic
alien,non toxic
there,non toxic
himself,non toxic
settle,non toxic
fide,non toxic
gross,non toxic
open,non toxic
commanded,non toxic
treasury,non toxic
touch,non toxic
foreigners,non toxic
kids,non toxic
body,non toxic
light,non toxic
released,non toxic
foolishness,non toxic
popularity,non toxic
bizarre,non toxic
surgery,non toxic
remains,non toxic
organizing,non toxic
police,non toxic
san,non toxic
law,non toxic
insist,non toxic
star,non toxic
absurd,non toxic
beyond,non toxic
modern,non toxic
sin,non toxic
cat,non toxic
wits,non toxic
refuses,non toxic
accrue,non toxic
factor,non toxic
immediate,non toxic
months,non toxic
polite,non toxic
disproportionately,non toxic
backtracked,non toxic
nuclear,non toxic
lisa,non toxic
amazed,non toxic
muzzle,non toxic
constitutional,non toxic
value,non toxic
smart,non toxic
level,non toxic
cowboy,non toxic
debt,non toxic
pathological,non toxic
cares,non toxic
orders,non toxic
unwanted,non toxic
parkland,non toxic
purpose,non toxic
died,non toxic
lipstick,non toxic
sexuality,non toxic
chicago,non toxic
scots,non toxic
basis,non toxic
suspense,non toxic
islam,non toxic
bouncing,non toxic
games,non toxic
douches,non toxic
surpluses,non toxic
opens,non toxic
journalists,non toxic
caring,non toxic
relive,non toxic
poke,non toxic
wide,non toxic
blamed,non toxic
addicts,non toxic
citizens,non toxic
meet,non toxic
unhinged,non toxic
virtue,non toxic
christy,non toxic
ndp,non toxic
raise,non toxic
independent,non toxic
group,non toxic
driving,non toxic
democratic,non toxic
heavily,non toxic
worth,non toxic
community,non toxic
launder,non toxic
previewed,non toxic
paraphernalia,non toxic
my,non toxic
medallion,non toxic
disingenuous,non toxic
family,non toxic
imagine,non toxic
exposing,non toxic
aircraft,non toxic
revenue,non toxic
theory,non toxic
do,non toxic
emergency,non toxic
custody,non toxic
finest,non toxic
der,non toxic
discredit,non toxic
death,non toxic
lives,non toxic
world,non toxic
illusions,non toxic
rube,non toxic
principle,non toxic
jobs,non toxic
concealed,non toxic
indoors,non toxic
students,non toxic
dolt,non toxic
willful,non toxic
proves,non toxic
sexist,non toxic
fat,non toxic
works,non toxic
interested,non toxic
liberals,non toxic
brand,non toxic
thrive,non toxic
obeys,non toxic
playing,non toxic
active,non toxic
kellyanne,non toxic
abject,non toxic
closed,non toxic
demand,non toxic
evolved,non toxic
crowds,non toxic
obviously,non toxic
weather,non toxic
pushed,non toxic
thru,non toxic
teeth,non toxic
true,non toxic
electric,non toxic
criticize,non toxic
watts,non toxic
depths,non toxic
kleptocrat,non toxic
mask,non toxic
debts,non toxic
reincarnation,non toxic
benefitted,non toxic
demonstrates,non toxic
collusion,non toxic
deal,non toxic
restore,non toxic
sit,non toxic
americans,non toxic
sherman,non toxic
gall,non toxic
stopped,non toxic
bozos,non toxic
farther,non toxic
ashes,non toxic
billyhilly,non toxic
dedicates,non toxic
trouble,non toxic
empty,non toxic
trails,non toxic
event,non toxic
doctoring,non toxic
olds,non toxic
deeply,non toxic
majority,non toxic
news,non toxic
attention,non toxic
potentially,non toxic
according,non toxic
using,non toxic
convention,non toxic
double,non toxic
dependent,non toxic
assume,non toxic
push,non toxic
ervin,non toxic
claimed,non toxic
anywhere,non toxic
grabbing,non toxic
whom,non toxic
jack,non toxic
windbag,non toxic
benefited,non toxic
congrats,non toxic
public,non toxic
paragraph,non toxic
hated,non toxic
apples,non toxic
he,non toxic
writer,non toxic
ontario,non toxic
nikki,non toxic
budget,non toxic
seahawks,non toxic
offering,non toxic
injustis,non toxic
then,non toxic
bottom,non toxic
rebury,non toxic
skills,non toxic
condemns,non toxic
evidently,non toxic
reward,non toxic
disappear,non toxic
work,non toxic
die,non toxic
nor,non toxic
rising,non toxic
discriminate,non toxic
once,non toxic
resort,non toxic
lie,non toxic
cent,non toxic
reach,non toxic
yesterday,non toxic
estate,non toxic
purposefully,non toxic
decency,non toxic
tend,non toxic
pimped,non toxic
substance,non toxic
part,non toxic
flawed,non toxic
lobbying,non toxic
firearm,non toxic
itself,non toxic
taxpayers,non toxic
ahead,non toxic
just,non toxic
donations,non toxic
favour,non toxic
yours,non toxic
probably,non toxic
sheer,non toxic
become,non toxic
murkowski,non toxic
derogatory,non toxic
financial,non toxic
intelligence,non toxic
rot,non toxic
reckless,non toxic
thats,non toxic
absolve,non toxic
whites,non toxic
pool,non toxic
nursing,non toxic
option,non toxic
politician,non toxic
hr,non toxic
hillary,non toxic
booming,non toxic
terminally,non toxic
excerpts,non toxic
faith,non toxic
stand,non toxic
guarantee,non toxic
imagination,non toxic
hungry,non toxic
trying,non toxic
blooded,non toxic
ted,non toxic
few,non toxic
toward,non toxic
hale,non toxic
calling,non toxic
attacks,non toxic
weaponless,non toxic
identity,non toxic
skyrocketed,non toxic
destroy,non toxic
may,non toxic
bankruptcies,non toxic
chance,non toxic
zone,non toxic
overrated,non toxic
fingers,non toxic
full,non toxic
entering,non toxic
locals,non toxic
speaks,non toxic
selfish,non toxic
marched,non toxic
lies,non toxic
admit,non toxic
sadistic,non toxic
season,non toxic
common,non toxic
huge,non toxic
felon,non toxic
democrats,non toxic
nowhere,non toxic
carson,non toxic
rises,non toxic
cheat,non toxic
fiends,non toxic
definition,non toxic
republic,non toxic
caucus,non toxic
brett,non toxic
rural,non toxic
april,non toxic
epithet,non toxic
khan,non toxic
prc,non toxic
ec,non toxic
toxic,non toxic
forest,non toxic
con,non toxic
griffin,non toxic
commentators,non toxic
embarrass,non toxic
current,non toxic
thomas,non toxic
greedy,non toxic
opinion,non toxic
funding,non toxic
senate,non toxic
ties,non toxic
dinner,non toxic
understand,non toxic
pretty,non toxic
simply,non toxic
acknowledged,non toxic
antithesis,non toxic
companions,non toxic
significant,non toxic
viewpoint,non toxic
together,non toxic
reduce,non toxic
helieve,non toxic
deviant,non toxic
next,non toxic
wrath,non toxic
stewart,non toxic
basements,non toxic
gotten,non toxic
though,non toxic
toot,non toxic
snorting,non toxic
crossed,non toxic
properties,non toxic
grapes,non toxic
designed,non toxic
organisms,non toxic
ways,non toxic
bettering,non toxic
flooding,non toxic
tunes,non toxic
same,non toxic
inflicted,non toxic
fort,non toxic
homeless,non toxic
times,non toxic
chuck,non toxic
nations,non toxic
exchange,non toxic
correct,non toxic
wonder,non toxic
pass,non toxic
statute,non toxic
collateral,non toxic
crystal,non toxic
booze,non toxic
yap,non toxic
suffering,non toxic
average,non toxic
catalonia,non toxic
shop,non toxic
casino,non toxic
values,non toxic
getaway,non toxic
crawl,non toxic
laughable,non toxic
libs,non toxic
require,non toxic
lines,non toxic
continue,non toxic
moved,non toxic
wanna,non toxic
city,non toxic
women,non toxic
country,non toxic
circle,non toxic
below,non toxic
ills,non toxic
halfway,non toxic
petty,non toxic
goes,non toxic
dear,non toxic
ground,non toxic
keep,non toxic
animal,non toxic
fucker,non toxic
enablers,non toxic
threads,non toxic
making,non toxic
she,non toxic
ability,non toxic
hunter,non toxic
driven,non toxic
must,non toxic
caskets,non toxic
ha,non toxic
your,non toxic
fast,non toxic
impending,non toxic
jewish,non toxic
supporters,non toxic
managed,non toxic
bolling,non toxic
james,non toxic
compromise,non toxic
cries,non toxic
doing,non toxic
elevated,non toxic
rocks,non toxic
grand,non toxic
which,non toxic
dandelions,non toxic
lindiwe,non toxic
owning,non toxic
christopher,non toxic
fanaticism,non toxic
knew,non toxic
material,non toxic
totally,non toxic
soooooooo,non toxic
airlines,non toxic
seventh,non toxic
gaining,non toxic
covering,non toxic
numbers,non toxic
breaks,non toxic
tweeting,non toxic
big,non toxic
range,non toxic
mocking,non toxic
answers,non toxic
could,non toxic
speech,non toxic
mistake,non toxic
tax,non toxic
utah,non toxic
judging,non toxic
sane,non toxic
pad,non toxic
vehicles,non toxic
eastern,non toxic
pc,non toxic
moving,non toxic
incredibly,non toxic
rights,non toxic
childish,non toxic
bleach,non toxic
also,non toxic
bathroom,non toxic
airmiles,non toxic
intelligent,non toxic
side,non toxic
move,non toxic
whining,non toxic
plays,non toxic
constitute,non toxic
ought,non toxic
flags,non toxic
occasionally,non toxic
demonizes,non toxic
invite,non toxic
fed,non toxic
bozell,non toxic
whatsoever,non toxic
illegals,non toxic
track,non toxic
conflate,non toxic
said,non toxic
thou,non toxic
qualify,non toxic
meanwhile,non toxic
trains,non toxic
ripping,non toxic
actions,non toxic
difficult,non toxic
entitlements,non toxic
credible,non toxic
electoral,non toxic
investigators,non toxic
tip,non toxic
renaming,non toxic
campaigned,non toxic
accept,non toxic
kinda,non toxic
wing,non toxic
ten,non toxic
signs,non toxic
squeeze,non toxic
lynch,non toxic
postings,non toxic
solidly,non toxic
run,non toxic
hoping,non toxic
false,non toxic
justin,non toxic
nhl,non toxic
pray,non toxic
bob,non toxic
from,non toxic
defending,non toxic
pays,non toxic
lol,non toxic
worked,non toxic
trillion,non toxic
mccoy,non toxic
adores,non toxic
prescription,non toxic
single,non toxic
congress,non toxic
mouthing,non toxic
risk,non toxic
alive,non toxic
too,non toxic
vote,non toxic
jenkins,non toxic
gop,non toxic
killed,non toxic
gutless,non toxic
guard,non toxic
prepared,non toxic
lacks,non toxic
millionairesses,non toxic
upcoming,non toxic
crack,non toxic
expecting,non toxic
animals,non toxic
bone,non toxic
teach,non toxic
quit,non toxic
justify,non toxic
gonna,non toxic
opt,non toxic
agree,non toxic
block,non toxic
test,non toxic
property,non toxic
owned,non toxic
natural,non toxic
final,non toxic
cable,non toxic
days,non toxic
fallen,non toxic
cars,non toxic
logic,non toxic
fund,non toxic
substantial,non toxic
destruction,non toxic
monthly,non toxic
pieces,non toxic
sitting,non toxic
ad,non toxic
radical,non toxic
acceptable,non toxic
records,non toxic
greens,non toxic
doctor,non toxic
allow,non toxic
cattle,non toxic
regret,non toxic
places,non toxic
yank,non toxic
constant,non toxic
articles,non toxic
pay,non toxic
grant,non toxic
yse,non toxic
clinton,non toxic
analysis,non toxic
prejudice,non toxic
heartened,non toxic
rhetoric,non toxic
thieving,non toxic
bennett,non toxic
bud,non toxic
screwed,non toxic
minimal,non toxic
retired,non toxic
feel,non toxic
ill,non toxic
listed,non toxic
occur,non toxic
successful,non toxic
advertiser,non toxic
need,non toxic
chinese,non toxic
lose,non toxic
especially,non toxic
dung,non toxic
source,non toxic
heat,non toxic
philosopher,non toxic
leading,non toxic
bureaucrats,non toxic
planets,non toxic
billions,non toxic
lead,non toxic
subsidizing,non toxic
irrelevant,non toxic
count,non toxic
deleting,non toxic
dying,non toxic
express,non toxic
stage,non toxic
collapse,non toxic
bro,non toxic
zip,non toxic
sound,non toxic
malicious,non toxic
only,non toxic
protesting,non toxic
cafes,non toxic
prop,non toxic
delayed,non toxic
floating,non toxic
demonstrated,non toxic
druggies,non toxic
timely,non toxic
announces,non toxic
democrat,non toxic
peeking,non toxic
finally,non toxic
delay,non toxic
alt,non toxic
save,non toxic
particularly,non toxic
defense,non toxic
disuade,non toxic
province,non toxic
sense,non toxic
married,non toxic
coddle,non toxic
declared,non toxic
hoped,non toxic
winning,non toxic
confirmation,non toxic
conjecture,non toxic
confirm,non toxic
take,non toxic
type,non toxic
mouth,non toxic
flag,non toxic
attacking,non toxic
shaft,non toxic
praying,non toxic
pile,non toxic
secretive,non toxic
conservative,non toxic
minute,non toxic
right,non toxic
hrc,non toxic
create,non toxic
vs,non toxic
standard,non toxic
represent,non toxic
m,non toxic
any,non toxic
cute,non toxic
debate,non toxic
lap,non toxic
autistic,non toxic
democracy,non toxic
include,non toxic
telling,non toxic
maniacal,non toxic
at,non toxic
past,non toxic
tortured,non toxic
ghetto,non toxic
solar,non toxic
upon,non toxic
bag,non toxic
a,non toxic
increase,non toxic
ceded,non toxic
spree,non toxic
haters,non toxic
parallel,non toxic
ideas,non toxic
gutting,non toxic
powder,non toxic
turn,non toxic
entire,non toxic
advancement,non toxic
subtly,non toxic
dreadfully,non toxic
bullet,non toxic
hubs,non toxic
gray,non toxic
shame,non toxic
personally,non toxic
tapes,non toxic
hour,non toxic
rock,non toxic
engendered,non toxic
spouse,non toxic
medical,non toxic
grocery,non toxic
paradise,non toxic
dot,non toxic
superiority,non toxic
american,non toxic
asian,non toxic
heartily,non toxic
butts,non toxic
opposite,non toxic
live,non toxic
complaining,non toxic
server,non toxic
types,non toxic
spring,non toxic
heco,non toxic
rabid,non toxic
baby,non toxic
use,non toxic
pictures,non toxic
legislate,non toxic
letting,non toxic
excessive,non toxic
drives,non toxic
admin,non toxic
providing,non toxic
europe,non toxic
best,non toxic
united,non toxic
determine,non toxic
ears,non toxic
supermodel,non toxic
peddle,non toxic
claims,non toxic
honestly,non toxic
list,non toxic
infidels,non toxic
until,non toxic
pot,non toxic
away,non toxic
through,non toxic
hundreds,non toxic
agains,non toxic
lights,non toxic
spines,non toxic
confused,non toxic
children,non toxic
go,non toxic
shows,non toxic
aces,non toxic
leave,non toxic
endorsed,non toxic
other,non toxic
moral,non toxic
doug,non toxic
explain,non toxic
sulky,non toxic
referring,non toxic
episode,non toxic
figured,non toxic
kick,non toxic
taken,non toxic
officials,non toxic
functioning,non toxic
chief,non toxic
bout,non toxic
everyday,non toxic
starting,non toxic
chips,non toxic
wild,non toxic
abused,non toxic
offence,non toxic
millionaires,non toxic
agency,non toxic
incompetent,non toxic
burden,non toxic
stagnant,non toxic
nutjobs,non toxic
peaceful,non toxic
eat,non toxic
who,non toxic
nothing,non toxic
amount,non toxic
care,non toxic
definitive,non toxic
chin,non toxic
later,non toxic
iq,non toxic
grossed,non toxic
throwing,non toxic
saa,non toxic
kathy,non toxic
john,non toxic
weird,non toxic
eight,non toxic
repent,non toxic
jail,non toxic
equity,non toxic
besides,non toxic
king,non toxic
propaganda,non toxic
social,non toxic
security,non toxic
available,non toxic
imperialist,non toxic
persecuting,non toxic
heads,non toxic
bankers,non toxic
commenting,non toxic
hockey,non toxic
albeit,non toxic
structure,non toxic
forever,non toxic
mortgage,non toxic
purposely,non toxic
voters,non toxic
billionaire,non toxic
act,non toxic
visas,non toxic
version,non toxic
dnc,non toxic
calls,non toxic
worrying,non toxic
rebuilding,non toxic
capitalism,non toxic
crooks,non toxic
puppet,non toxic
noticed,non toxic
emboldened,non toxic
told,non toxic
planning,non toxic
year,non toxic
approach,non toxic
older,non toxic
telford,non toxic
gretzky,non toxic
loan,non toxic
small,non toxic
craziness,non toxic
prepares,non toxic
realized,non toxic
pilots,non toxic
degraded,non toxic
b,non toxic
laughing,non toxic
counts,non toxic
west,non toxic
self,non toxic
seriously,non toxic
weapons,non toxic
trusting,non toxic
therefore,non toxic
secretary,non toxic
boy,non toxic
keeps,non toxic
mentality,non toxic
across,non toxic
straight,non toxic
lofty,non toxic
school,non toxic
victims,non toxic
systemically,non toxic
cowtowing,non toxic
realize,non toxic
now,non toxic
sorry,non toxic
secdef,non toxic
pop,non toxic
fantasizing,non toxic
favor,non toxic
hillbilly,non toxic
delusional,non toxic
very,non toxic
literally,non toxic
brown,non toxic
pierre,non toxic
triumph,non toxic
decade,non toxic
spell,non toxic
defenseless,non toxic
backed,non toxic
good,non toxic
professional,non toxic
heyday,non toxic
they,non toxic
pull,non toxic
exist,non toxic
climate,non toxic
grabbin,non toxic
sizable,non toxic
heroin,non toxic
syria,non toxic
immature,non toxic
tell,non toxic
administration,non toxic
slander,non toxic
shipped,non toxic
hispanic,non toxic
her,non toxic
hawaii,non toxic
above,non toxic
ruined,non toxic
farage,non toxic
shining,non toxic
money,non toxic
chargers,non toxic
acknowledge,non toxic
consistently,non toxic
offer,non toxic
left,non toxic
wilsonville,non toxic
change,non toxic
number,non toxic
unmistakeable,non toxic
compassionate,non toxic
filing,non toxic
whale,non toxic
untrue,non toxic
stupidly,non toxic
leaders,non toxic
neither,non toxic
viewers,non toxic
fell,non toxic
skl,non toxic
short,non toxic
wrong,non toxic
easier,non toxic
commit,non toxic
populace,non toxic
avoided,non toxic
where,non toxic
switch,non toxic
pretending,non toxic
holding,non toxic
chanted,non toxic
pipeline,non toxic
burying,non toxic
salmon,non toxic
somebody,non toxic
comon,non toxic
yourself,non toxic
price,non toxic
scumbags,non toxic
affront,non toxic
reelected,non toxic
invest,non toxic
term,non toxic
eh,non toxic
color,non toxic
oredators,non toxic
bank,non toxic
control,non toxic
towards,non toxic
cuts,non toxic
trader,non toxic
goofball,non toxic
cancelled,non toxic
cringe,non toxic
minutes,non toxic
are,non toxic
islamism,non toxic
thier,non toxic
goat,non toxic
twisting,non toxic
speed,non toxic
pack,non toxic
empathy,non toxic
lawyers,non toxic
citations,non toxic
been,non toxic
unless,non toxic
savior,non toxic
dollars,non toxic
halal,non toxic
santa,non toxic
nature,non toxic
about,non toxic
his,non toxic
rosenberg,non toxic
plants,non toxic
rg,non toxic
moto,non toxic
process,non toxic
house,non toxic
lovers,non toxic
devices,non toxic
pairs,non toxic
personality,non toxic
share,non toxic
child,non toxic
allowing,non toxic
aviation,non toxic
colgate,non toxic
rosalyn,non toxic
despite,non toxic
fire,non toxic
and,non toxic
twice,non toxic
ginning,non toxic
featured,non toxic
importance,non toxic
doubt,non toxic
booted,non toxic
wicked,non toxic
leftists,non toxic
friends,non toxic
irrespective,non toxic
protections,non toxic
lifestyle,non toxic
spin,non toxic
judgmental,non toxic
doormats,non toxic
vulnerable,non toxic
stomach,non toxic
actuality,non toxic
stealing,non toxic
try,non toxic
vernacular,non toxic
considered,non toxic
membership,non toxic
contraception,non toxic
comments,non toxic
narrative,non toxic
maddow,non toxic
five,non toxic
describes,non toxic
newspaper,non toxic
quite,non toxic
outta,non toxic
superstition,non toxic
traits,non toxic
apparent,non toxic
expedia,non toxic
literary,non toxic
gassed,non toxic
reveals,non toxic
fonda,non toxic
their,non toxic
talked,non toxic
clue,non toxic
education,non toxic
misinterpreting,non toxic
provincially,non toxic
generations,non toxic
consequences,non toxic
creep,non toxic
sounds,non toxic
disrespect,non toxic
help,non toxic
regarding,non toxic
record,non toxic
stung,non toxic
prolific,non toxic
coastal,non toxic
bored,non toxic
bias,non toxic
section,non toxic
trucks,non toxic
acquiring,non toxic
globally,non toxic
led,non toxic
cronies,non toxic
espn,non toxic
throw,non toxic
bullying,non toxic
view,non toxic
fake,non toxic
murder,non toxic
abuse,non toxic
fold,non toxic
tying,non toxic
support,non toxic
movie,non toxic
conduct,non toxic
least,non toxic
islamists,non toxic
twit,non toxic
illegal,non toxic
believes,non toxic
btw,non toxic
taxes,non toxic
to,non toxic
commonsense,non toxic
bloody,non toxic
crimes,non toxic
collected,non toxic
chump,non toxic
complicated,non toxic
device,non toxic
protect,non toxic
monsef,non toxic
majorities,non toxic
obsessed,non toxic
academic,non toxic
hack,non toxic
weapon,non toxic
amazes,non toxic
react,non toxic
carrying,non toxic
basic,non toxic
dishonest,non toxic
was,non toxic
deflect,non toxic
hollywood,non toxic
guards,non toxic
page,non toxic
exploit,non toxic
has,non toxic
diatribe,non toxic
party,non toxic
quebec,non toxic
walmart,non toxic
perpetuate,non toxic
regulators,non toxic
voted,non toxic
puka,non toxic
housing,non toxic
husband,non toxic
protess,non toxic
end,non toxic
thinking,non toxic
rebuke,non toxic
restaurants,non toxic
flat,non toxic
lighter,non toxic
word,non toxic
pres,non toxic
dilatation,non toxic
luck,non toxic
gets,non toxic
plethora,non toxic
adds,non toxic
eye,non toxic
gave,non toxic
sens,non toxic
profit,non toxic
all,non toxic
ignore,non toxic
possess,non toxic
schoolyard,non toxic
representing,non toxic
liberty,non toxic
parties,non toxic
dumping,non toxic
saying,non toxic
rally,non toxic
dont,non toxic
along,non toxic
reid,non toxic
plain,non toxic
deteriorate,non toxic
al,non toxic
were,non toxic
ago,non toxic
largely,non toxic
crushing,non toxic
incomes,non toxic
reduces,non toxic
economy,non toxic
bataclan,non toxic
remember,non toxic
can,non toxic
excluded,non toxic
cant,non toxic
think,non toxic
enter,non toxic
define,non toxic
aid,non toxic
am,non toxic
player,non toxic
carefully,non toxic
friendly,non toxic
provided,non toxic
film,non toxic
our,non toxic
untouchable,non toxic
sid,non toxic
desperate,non toxic
forward,non toxic
dock,non toxic
superior,non toxic
overseeing,non toxic
line,non toxic
ignored,non toxic
applied,non toxic
really,non toxic
tv,non toxic
whitewater,non toxic
falsely,non toxic
morrison,non toxic
marriage,non toxic
debunked,non toxic
millions,non toxic
natives,non toxic
canada,non toxic
hit,non toxic
ladies,non toxic
kept,non toxic
statistics,non toxic
contradictory,non toxic
comes,non toxic
dan,non toxic
harper,non toxic
business,non toxic
issues,non toxic
enlist,non toxic
sheep,non toxic
markets,non toxic
when,non toxic
workers,non toxic
infrastructure,non toxic
beg,non toxic
aware,non toxic
affairs,non toxic
fraud,non toxic
negative,non toxic
lefty,non toxic
new,non toxic
canadians,non toxic
see,non toxic
convicts,non toxic
tweets,non toxic
boo,non toxic
rachel,non toxic
impeached,non toxic
alone,non toxic
sole,non toxic
brains,non toxic
band,non toxic
again,non toxic
physics,non toxic
instead,non toxic
trip,non toxic
investors,non toxic
happily,non toxic
skin,non toxic
endowment,non toxic
counterweight,non toxic
tanker,non toxic
focus,non toxic
hay,non toxic
k,non toxic
cops,non toxic
draw,non toxic
appointed,non toxic
goodell,non toxic
wrote,non toxic
drug,non toxic
donkeys,non toxic
endured,non toxic
lumps,non toxic
bitching,non toxic
media,non toxic
unprecedented,non toxic
increases,non toxic
romney,non toxic
francis,non toxic
sweeps,non toxic
dion,non toxic
fobs,non toxic
lincoln,non toxic
joking,non toxic
shared,non toxic
grants,non toxic
future,non toxic
kate,non toxic
unethical,non toxic
report,non toxic
whatever,non toxic
middle,non toxic
motto,non toxic
saw,non toxic
free,non toxic
modest,non toxic
western,non toxic
famously,non toxic
pope,non toxic
america,non toxic
another,non toxic
resign,non toxic
the,non toxic
quo,non toxic
often,non toxic
demonstrate,non toxic
nasty,non toxic
results,non toxic
bicycle,non toxic
way,non toxic
among,non toxic
yes,non toxic
hands,non toxic
scared,non toxic
involved,non toxic
subsidy,non toxic
humblest,non toxic
baloney,non toxic
sexually,non toxic
cartels,non toxic
press,non toxic
transit,non toxic
mcgrath,non toxic
plainly,non toxic
quote,non toxic
winners,non toxic
paper,non toxic
expect,non toxic
forum,non toxic
shortly,non toxic
canine,non toxic
achieved,non toxic
hold,non toxic
chickens,non toxic
indian,non toxic
dodging,non toxic
swear,non toxic
riot,non toxic
video,non toxic
wealth,non toxic
theocracy,non toxic
vicious,non toxic
roll,non toxic
prohibited,non toxic
mean,non toxic
auto,non toxic
premier,non toxic
elders,non toxic
relativity,non toxic
gangstalking,non toxic
ecomomies,non toxic
ban,non toxic
roof,non toxic
brad,non toxic
because,non toxic
rational,non toxic
kangaroos,non toxic
revealed,non toxic
office,non toxic
braddahs,non toxic
whole,non toxic
prevent,non toxic
ron,non toxic
leakers,non toxic
complain,non toxic
day,non toxic
jiberish,non toxic
like,non toxic
indefencible,non toxic
identified,non toxic
socialists,non toxic
cash,non toxic
positions,non toxic
usa,non toxic
ranks,non toxic
anymore,non toxic
rose,non toxic
loyal,non toxic
labor,non toxic
leftie,non toxic
pretender,non toxic
mention,non toxic
contribute,non toxic
power,non toxic
obstruction,non toxic
written,non toxic
degree,non toxic
monster,non toxic
mess,non toxic
committed,non toxic
top,non toxic
houses,non toxic
decided,non toxic
exhorbitant,non toxic
afghanistan,non toxic
recitation,non toxic
denver,non toxic
similar,non toxic
remove,non toxic
screen,non toxic
response,non toxic
personnel,non toxic
dr,non toxic
watch,non toxic
south,non toxic
under,non toxic
characters,non toxic
dictator,non toxic
cry,non toxic
lawsuits,non toxic
extra,non toxic
infringement,non toxic
honour,non toxic
intervention,non toxic
depicted,non toxic
lucky,non toxic
ecosystems,non toxic
comparing,non toxic
insulted,non toxic
joined,non toxic
obligation,non toxic
protest,non toxic
angry,non toxic
decide,non toxic
suspect,non toxic
difference,non toxic
deficiency,non toxic
us,non toxic
floods,non toxic
educate,non toxic
opposition,non toxic
provides,non toxic
nobama,non toxic
spicer,non toxic
stooge,non toxic
ate,non toxic
longer,non toxic
separation,non toxic
cigar,non toxic
helping,non toxic
incapable,non toxic
david,non toxic
dsagree,non toxic
came,non toxic
higher,non toxic
spiritual,non toxic
proven,non toxic
clearly,non toxic
prices,non toxic
named,non toxic
used,non toxic
schumer,non toxic
dimes,non toxic
story,non toxic
turfed,non toxic
etc,non toxic
protecting,non toxic
walls,non toxic
by,non toxic
programs,non toxic
inclusive,non toxic
disagree,non toxic
whether,non toxic
dude,non toxic
loss,non toxic
girls,non toxic
glad,non toxic
boxes,non toxic
catch,non toxic
gene,non toxic
salaries,non toxic
enforcer,non toxic
f,non toxic
streams,non toxic
attended,non toxic
essence,non toxic
fatah,non toxic
hashtagged,non toxic
sentences,non toxic
wanted,non toxic
elected,non toxic
mountainous,non toxic
tear,non toxic
stuart,non toxic
beginning,non toxic
marine,non toxic
attend,non toxic
parents,non toxic
words,non toxic
platforms,non toxic
enabled,non toxic
or,non toxic
immigrants,non toxic
owns,non toxic
pernicious,non toxic
would,non toxic
no,non toxic
attitude,non toxic
smidgen,non toxic
spend,non toxic
waiting,non toxic
libbernuts,non toxic
haley,non toxic
temperamentally,non toxic
mixed,non toxic
foresee,non toxic
sectors,non toxic
actual,non toxic
jumping,non toxic
blogs,non toxic
teen,non toxic
met,non toxic
tired,non toxic
leader,non toxic
damage,non toxic
yearly,non toxic
god,non toxic
style,non toxic
repeats,non toxic
lean,non toxic
pardon,non toxic
state,non toxic
u,non toxic
manipulative,non toxic
epipen,non toxic
keeping,non toxic
serial,non toxic
reaction,non toxic
wishes,non toxic
dovey,non toxic
people,non toxic
reaches,non toxic
sarah,non toxic
promises,non toxic
msm,non toxic
pursuit,non toxic
secrets,non toxic
enabler,non toxic
sniveling,non toxic
giving,non toxic
grainy,non toxic
products,non toxic
town,non toxic
islamic,non toxic
unashamed,non toxic
kettle,non toxic
honoring,non toxic
super,non toxic
coast,non toxic
amen,non toxic
takes,non toxic
shoots,non toxic
brainwashed,non toxic
cell,non toxic
comey,non toxic
referred,non toxic
judith,non toxic
reading,non toxic
thing,non toxic
beholden,non toxic
dog,non toxic
building,non toxic
half,non toxic
paul,non toxic
toni,non toxic
standards,non toxic
note,non toxic
nurses,non toxic
seem,non toxic
awards,non toxic
slaughter,non toxic
treated,non toxic
initiated,non toxic
assisting,non toxic
globe,non toxic
truly,non toxic
benefit,non toxic
others,non toxic
hydro,non toxic
eugene,non toxic
playground,non toxic
jump,non toxic
flaming,non toxic
supposed,non toxic
amazon,non toxic
thousands,non toxic
art,non toxic
tried,non toxic
efforts,non toxic
cats,non toxic
believer,non toxic
pour,non toxic
clean,non toxic
fix,non toxic
dangerous,non toxic
goodness,non toxic
jimjohnson,non toxic
inept,non toxic
tourism,non toxic
purchase,non toxic
continues,non toxic
majesty,non toxic
job,non toxic
boss,non toxic
trumps,non toxic
beneficiaries,non toxic
attach,non toxic
dealing,non toxic
diplomats,non toxic
businesses,non toxic
cbc,non toxic
agents,non toxic
moms,non toxic
misogynistic,non toxic
spy,non toxic
outside,non toxic
screw,non toxic
probabilities,non toxic
southern,non toxic
wording,non toxic
wagon,non toxic
accomplish,non toxic
protests,non toxic
brain,non toxic
amounts,non toxic
asserting,non toxic
balanced,non toxic
so,non toxic
taking,non toxic
fraudulent,non toxic
supernatural,non toxic
march,non toxic
boys,non toxic
dig,non toxic
unlikable,non toxic
burn,non toxic
quality,non toxic
happy,non toxic
nobody,non toxic
yiu,non toxic
concerned,non toxic
deserve,non toxic
hurtful,non toxic
kicked,non toxic
boggles,non toxic
belligerent,non toxic
demboski,non toxic
sides,non toxic
pathetically,non toxic
horse,non toxic
failures,non toxic
stupidist,non toxic
worst,non toxic
living,non toxic
onlookers,non toxic
candidate,non toxic
rape,non toxic
hell,non toxic
ball,non toxic
spent,non toxic
removed,non toxic
everything,non toxic
surrounded,non toxic
dogma,non toxic
displace,non toxic
none,non toxic
impose,non toxic
what,non toxic
disagrees,non toxic
sludge,non toxic
headline,non toxic
subjected,non toxic
fan,non toxic
cut,non toxic
while,non toxic
stores,non toxic
seniors,non toxic
walkers,non toxic
gupta,non toxic
uaa,non toxic
countries,non toxic
adn,non toxic
degradation,non toxic
myself,non toxic
twist,non toxic
payer,non toxic
appointees,non toxic
less,non toxic
documents,non toxic
welfare,non toxic
assistance,non toxic
journalist,non toxic
continued,non toxic
hyyyuuuge,non toxic
yup,non toxic
carry,non toxic
destroyed,non toxic
placing,non toxic
clarance,non toxic
anti,non toxic
bc,non toxic
phony,non toxic
henchmen,non toxic
bprder,non toxic
precious,non toxic
california,non toxic
hopefully,non toxic
threats,non toxic
cities,non toxic
bully,non toxic
enjoys,non toxic
nep,non toxic
aiming,non toxic
enemies,non toxic
flake,non toxic
opioid,non toxic
fullest,non toxic
anyone,non toxic
countless,non toxic
fill,non toxic
excellent,non toxic
nail,non toxic
shirt,non toxic
darkest,non toxic
invoke,non toxic
carlaw,non toxic
governments,non toxic
harris,non toxic
dark,non toxic
army,non toxic
replies,non toxic
mine,non toxic
hey,non toxic
corpus,non toxic
beats,non toxic
epitome,non toxic
this,non toxic
crying,non toxic
comrade,non toxic
memorial,non toxic
experience,non toxic
health,non toxic
tourist,non toxic
whiners,non toxic
mayor,non toxic
condemn,non toxic
case,non toxic
mail,non toxic
guise,non toxic
sickening,non toxic
printed,non toxic
permission,non toxic
obvious,non toxic
plus,non toxic
creepy,non toxic
habs,non toxic
senator,non toxic
deputy,non toxic
guests,non toxic
fellatio,non toxic
thinks,non toxic
turkey,non toxic
reasons,non toxic
speeches,non toxic
added,non toxic
structurally,non toxic
remark,non toxic
surprised,non toxic
neglected,non toxic
freeloaders,non toxic
malignant,non toxic
article,non toxic
tremble,non toxic
fact,non toxic
stick,non toxic
although,non toxic
being,non toxic
entity,non toxic
rated,non toxic
drop,non toxic
fantastic,non toxic
name,non toxic
meaningless,non toxic
naive,non toxic
handle,non toxic
grade,non toxic
two,non toxic
earning,non toxic
avoiding,non toxic
built,non toxic
rkightous,non toxic
legal,non toxic
lesson,non toxic
roofs,non toxic
more,non toxic
billion,non toxic
call,non toxic
supported,non toxic
mileage,non toxic
severe,non toxic
talking,non toxic
invented,non toxic
television,non toxic
gold,non toxic
snowflake,non toxic
play,non toxic
qualified,non toxic
replaced,non toxic
consulting,non toxic
ancestors,non toxic
football,non toxic
shots,non toxic
unbelievable,non toxic
internal,non toxic
brings,non toxic
obvisiously,non toxic
libtards,non toxic
getting,non toxic
factors,non toxic
pennsylvania,non toxic
visiting,non toxic
pointed,non toxic
exactly,non toxic
sd,non toxic
laden,non toxic
things,non toxic
created,non toxic
standing,non toxic
facilities,non toxic
sicker,non toxic
proving,non toxic
myth,non toxic
elections,non toxic
peaks,non toxic
privilege,non toxic
federally,non toxic
display,non toxic
jury,non toxic
threat,non toxic
toss,non toxic
reps,non toxic
bases,non toxic
title,non toxic
disasters,non toxic
doufus,non toxic
defence,non toxic
sticking,non toxic
hapless,non toxic
diarrhetic,non toxic
ak,non toxic
worse,non toxic
uncle,non toxic
without,non toxic
criminals,non toxic
favorites,non toxic
release,non toxic
catalans,non toxic
ascension,non toxic
explains,non toxic
obtain,non toxic
safer,non toxic
posters,non toxic
knowing,non toxic
freeze,non toxic
tolerate,non toxic
award,non toxic
wearers,non toxic
crabber,non toxic
eventually,non toxic
somehow,non toxic
r,non toxic
dividends,non toxic
learn,non toxic
return,non toxic
laugh,non toxic
industry,non toxic
background,non toxic
electing,non toxic
sickest,non toxic
assembled,non toxic
purged,non toxic
several,non toxic
funny,non toxic
bowing,non toxic
polices,non toxic
disproportionality,non toxic
strong,non toxic
stampede,non toxic
slightest,non toxic
grow,non toxic
opportunity,non toxic
rogue,non toxic
jon,non toxic
balance,non toxic
britches,non toxic
head,non toxic
cigarette,non toxic
classified,non toxic
onto,non toxic
aga,non toxic
blessed,non toxic
entitled,non toxic
trolling,non toxic
kenney,non toxic
prospect,non toxic
teams,non toxic
attached,non toxic
since,non toxic
loans,non toxic
censorship,non toxic
analyst,non toxic
sell,non toxic
saving,non toxic
moose,non toxic
instance,non toxic
even,non toxic
useful,non toxic
slaves,non toxic
worthy,non toxic
skate,non toxic
denouncing,non toxic
argument,non toxic
suggest,non toxic
bankruptcy,non toxic
reliabilty,non toxic
not,non toxic
bull,non toxic
step,non toxic
showing,non toxic
mustache,non toxic
avenue,non toxic
rampage,non toxic
entertaining,non toxic
ie,non toxic
central,non toxic
invade,non toxic
eu,non toxic
farms,non toxic
minorities,non toxic
voting,non toxic
demonize,non toxic
else,non toxic
qb,non toxic
putin,non toxic
enuf,non toxic
impeachment,non toxic
profiting,non toxic
strange,non toxic
quid,non toxic
reindeer,non toxic
privately,non toxic
squat,non toxic
humans,non toxic
killers,non toxic
deaths,non toxic
sentenced,non toxic
down,non toxic
bye,non toxic
idk,non toxic
years,non toxic
dogs,non toxic
plenty,non toxic
pain,non toxic
testified,non toxic
addressing,non toxic
known,non toxic
commitment,non toxic
poser,non toxic
mind,non toxic
lot,non toxic
infamous,non toxic
during,non toxic
allday,non toxic
definitely,non toxic
aim,non toxic
individuals,non toxic
place,non toxic
dent,non toxic
wait,non toxic
close,non toxic
costly,non toxic
sold,non toxic
position,non toxic
folk,non toxic
arabic,non toxic
marvel,non toxic
dream,non toxic
local,non toxic
herion,non toxic
sink,non toxic
cold,non toxic
hail,non toxic
grass,non toxic
judgment,non toxic
npa,non toxic
earned,non toxic
religious,non toxic
bona,non toxic
submit,non toxic
wounds,non toxic
columbians,non toxic
injected,non toxic
trade,non toxic
consistent,non toxic
kiss,non toxic
ferret,non toxic
proclaiming,non toxic
unsupported,non toxic
verbal,non toxic
inanely,non toxic
brink,non toxic
prefer,non toxic
draft,non toxic
beaten,non toxic
seen,non toxic
lovingly,non toxic
loonie,non toxic
logging,non toxic
month,non toxic
stober,non toxic
escaped,non toxic
airports,non toxic
spineless,non toxic
bans,non toxic
calm,non toxic
sends,non toxic
fray,non toxic
person,non toxic
foreign,non toxic
localized,non toxic
bunch,non toxic
believe,non toxic
invited,non toxic
fragile,non toxic
pathologically,non toxic
washing,non toxic
transgender,non toxic
devoted,non toxic
costco,non toxic
vast,non toxic
cnn,non toxic
regularly,non toxic
conspiraccy,non toxic
destroying,non toxic
untruthful,non toxic
amazing,non toxic
houston,non toxic
matter,non toxic
sanctions,non toxic
indignant,non toxic
point,non toxic
discussion,non toxic
classy,non toxic
salem,non toxic
conversation,non toxic
covered,non toxic
extent,non toxic
libertarian,non toxic
believers,non toxic
hooked,non toxic
wipe,non toxic
amendment,non toxic
woman,non toxic
everywhere,non toxic
pa,non toxic
talk,non toxic
readily,non toxic
aside,non toxic
condemned,non toxic
different,non toxic
brother,non toxic
prisoners,non toxic
unlike,non toxic
bike,non toxic
inherited,non toxic
adoption,non toxic
tweeted,non toxic
latter,non toxic
accounted,non toxic
relevant,non toxic
aimed,non toxic
bcers,non toxic
men,non toxic
wyatt,non toxic
including,non toxic
jonny,non toxic
drainage,non toxic
reliance,non toxic
stain,non toxic
proud,non toxic
talented,non toxic
mac,non toxic
wage,non toxic
politicians,non toxic
database,non toxic
tied,non toxic
relative,non toxic
lmao,non toxic
hate,non toxic
assisted,non toxic
hilarious,non toxic
issue,non toxic
rather,non toxic
assure,non toxic
guinnes,non toxic
da,non toxic
presumably,non toxic
label,non toxic
reap,non toxic
venom,non toxic
between,non toxic
timing,non toxic
fundraising,non toxic
lower,non toxic
urging,non toxic
faced,non toxic
isnt,non toxic
racial,non toxic
needs,non toxic
hahn,non toxic
dare,non toxic
sociopath,non toxic
behind,non toxic
own,non toxic
politics,non toxic
hesitate,non toxic
arrest,non toxic
didnt,non toxic
mien,non toxic
tuesday,non toxic
predator,non toxic
except,non toxic
conveneiences,non toxic
slow,non toxic
deported,non toxic
found,non toxic
connect,non toxic
herself,non toxic
walker,non toxic
gives,non toxic
sectarian,non toxic
specifically,non toxic
violated,non toxic
wishful,non toxic
podesta,non toxic
fornicate,non toxic
region,non toxic
refugees,non toxic
shoes,non toxic
lucrative,non toxic
fine,non toxic
soapbox,non toxic
them,non toxic
reno,non toxic
minded,non toxic
market,non toxic
message,non toxic
character,non toxic
cover,non toxic
campaign,non toxic
luckily,non toxic
knees,non toxic
derail,non toxic
wealthy,non toxic
entirely,non toxic
critics,non toxic
far,non toxic
facts,non toxic
program,non toxic
masculinity,non toxic
turns,non toxic
minimum,non toxic
worry,non toxic
supporter,non toxic
bums,non toxic
unemployment,non toxic
bet,non toxic
offers,non toxic
baiting,non toxic
hang,non toxic
want,non toxic
trumpnuts,non toxic
hearing,non toxic
utterly,non toxic
survival,non toxic
govern,non toxic
shamelessly,non toxic
unarmed,non toxic
lowered,non toxic
christ,non toxic
demonstrating,non toxic
everyone,non toxic
smug,non toxic
boast,non toxic
criminal,non toxic
political,non toxic
native,non toxic
energy,non toxic
evidence,non toxic
legacy,non toxic
bear,non toxic
cayetano,non toxic
prisons,non toxic
traffic,non toxic
theorist,non toxic
shellfish,non toxic
blind,non toxic
remaining,non toxic
meds,non toxic
home,non toxic
checker,non toxic
than,non toxic
states,non toxic
speak,non toxic
multiple,non toxic
lifelong,non toxic
village,non toxic
island,non toxic
ingenious,non toxic
grown,non toxic
compare,non toxic
sized,non toxic
employing,non toxic
tune,non toxic
russians,non toxic
proof,non toxic
signed,non toxic
financially,non toxic
allies,non toxic
hells,non toxic
argue,non toxic
finger,non toxic
dense,non toxic
darwin,non toxic
competition,non toxic
function,non toxic
contributions,non toxic
staffs,non toxic
responsible,non toxic
putting,non toxic
set,non toxic
system,non toxic
yet,non toxic
lack,non toxic
squeals,non toxic
exceptions,non toxic
oct,non toxic
fess,non toxic
labelled,non toxic
cabinet,non toxic
one,non toxic
hollow,non toxic
lunch,non toxic
disproportionate,non toxic
trap,non toxic
dingdongs,non toxic
ben,non toxic
well,non toxic
deny,non toxic
alleged,non toxic
void,non toxic
every,non toxic
lying,non toxic
snide,non toxic
progressive,non toxic
themselves,non toxic
blow,non toxic
handled,non toxic
condition,non toxic
russian,non toxic
toxins,non toxic
customer,non toxic
pilau,non toxic
charging,non toxic
book,non toxic
india,non toxic
nicely,non toxic
me,non toxic
related,non toxic
soon,non toxic
avoid,non toxic
pro,non toxic
street,non toxic
en,non toxic
influence,non toxic
history,non toxic
dooon,non toxic
completely,non toxic
it,non toxic
matthews,non toxic
insulting,non toxic
companies,non toxic
grandfather,non toxic
happens,non toxic
trumpf,non toxic
unneeded,non toxic
puke,non toxic
jeff,non toxic
communities,non toxic
deserves,non toxic
consideration,non toxic
crop,non toxic
appropriate,non toxic
shamed,non toxic
uphold,non toxic
retire,non toxic
cleaning,non toxic
ref,non toxic
washed,non toxic
tough,non toxic
manage,non toxic
currently,non toxic
existential,non toxic
you,non toxic
fee,non toxic
anger,non toxic
textbook,non toxic
neutral,non toxic
sessions,non toxic
via,non toxic
fleet,non toxic
locked,non toxic
trading,non toxic
boogey,non toxic
food,non toxic
immigration,non toxic
murdered,non toxic
knowledge,non toxic
scapegoating,non toxic
prove,non toxic
med,non toxic
archaeological,non toxic
colossal,non toxic
plan,non toxic
meeting,non toxic
deranged,non toxic
spewed,non toxic
already,non toxic
thank,non toxic
heal,non toxic
zygote,non toxic
pals,non toxic
society,non toxic
corporate,non toxic
puppy,non toxic
statewide,non toxic
choice,non toxic
federal,non toxic
astounds,non toxic
thug,non toxic
hs,non toxic
dozen,non toxic
orthodox,non toxic
basically,non toxic
amy,non toxic
costs,non toxic
ot,non toxic
partners,non toxic
guys,non toxic
for,non toxic
trashes,non toxic
grabbed,non toxic
burned,non toxic
reinforcing,non toxic
karen,non toxic
conspiracy,non toxic
york,non toxic
tanning,non toxic
absolutely,non toxic
clear,non toxic
beatles,non toxic
water,non toxic
appalling,non toxic
russia,non toxic
disliked,non toxic
might,non toxic
oval,non toxic
service,non toxic
sales,non toxic
converging,non toxic
epitomize,non toxic
near,non toxic
mock,non toxic
morning,non toxic
inferring,non toxic
satan,non toxic
hatred,non toxic
industries,non toxic
mom,non toxic
homespun,non toxic
tackle,non toxic
lame,non toxic
parking,non toxic
montreal,non toxic
scott,non toxic
mulls,non toxic
weinstein,non toxic
exposed,non toxic
backwards,non toxic
generally,non toxic
check,non toxic
junk,non toxic
normal,non toxic
inherently,non toxic
foods,non toxic
meaning,non toxic
understood,non toxic
scam,non toxic
contests,non toxic
describe,non toxic
rise,non toxic
those,non toxic
quiet,non toxic
beat,non toxic
deliver,non toxic
pick,non toxic
import,non toxic
fight,non toxic
denounce,non toxic
worthless,non toxic
involving,non toxic
smartest,non toxic
butted,non toxic
memory,non toxic
walk,non toxic
off,non toxic
flying,non toxic
course,non toxic
accurate,non toxic
paying,non toxic
unpunished,non toxic
feed,non toxic
republican,non toxic
employment,non toxic
ralph,non toxic
overturn,non toxic
neighborhood,non toxic
ivanka,non toxic
rears,non toxic
horrific,non toxic
imagined,non toxic
actually,non toxic
cheaper,non toxic
emerging,non toxic
stale,non toxic
indeed,non toxic
original,non toxic
medal,non toxic
clinging,non toxic
management,non toxic
distract,non toxic
per,non toxic
hot,non toxic
knots,non toxic
proposal,non toxic
effect,non toxic
paranoid,non toxic
shout,non toxic
ultimately,non toxic
hillarys,non toxic
churches,non toxic
crisp,non toxic
appreciate,non toxic
judicial,non toxic
sunny,non toxic
random,non toxic
pulling,non toxic
letter,non toxic
spoiled,non toxic
hume,non toxic
disguised,non toxic
nato,non toxic
nose,non toxic
seats,non toxic
barking,non toxic
have,non toxic
insure,non toxic
beijing,non toxic
cowards,non toxic
bronco,non toxic
kid,non toxic
employees,non toxic
washington,non toxic
dropping,non toxic
confidence,non toxic
opened,non toxic
muslin,non toxic
fellow,non toxic
magazine,non toxic
faiths,non toxic
im,non toxic
lib,non toxic
spouting,non toxic
host,non toxic
ur,non toxic
includes,non toxic
spew,non toxic
nonexistence,non toxic
biggest,non toxic
qualities,non toxic
pm,non toxic
equivalent,non toxic
blaming,non toxic
stumped,non toxic
kudos,non toxic
old,non toxic
qualification,non toxic
had,non toxic
watching,non toxic
cyclone,non toxic
enamoured,non toxic
enclose,non toxic
civilian,non toxic
blatant,non toxic
saad,non toxic
scare,non toxic
sticks,non toxic
after,non toxic
bonified,non toxic
snivelling,non toxic
front,non toxic
encroaching,non toxic
aa,non toxic
leap,non toxic
allowed,non toxic
made,non toxic
cheap,non toxic
consider,non toxic
dump,non toxic
will,non toxic
grasp,non toxic
fall,non toxic
pioneer,non toxic
areas,non toxic
enabling,non toxic
we,non toxic
tunnel,non toxic
kicks,non toxic
caused,non toxic
tolerance,non toxic
lovey,non toxic
liberalism,non toxic
distrust,non toxic
significantly,non toxic
oxymoron,non toxic
problem,non toxic
friend,non toxic
applaud,non toxic
nba,non toxic
received,non toxic
virgin,non toxic
access,non toxic
gunshot,non toxic
mark,non toxic
signal,non toxic
in,non toxic
equipped,non toxic
george,non toxic
latin,non toxic
flush,non toxic
scorched,non toxic
soaked,non toxic
wash,non toxic
male,non toxic
hurts,non toxic
footballers,non toxic
dt,non toxic
myyyyy,non toxic
damaged,non toxic
crowd,non toxic
stereotypical,non toxic
elitist,non toxic
human,non toxic
leitch,non toxic
favored,non toxic
interesting,non toxic
wrrrooooonnnnggg,non toxic
forget,non toxic
able,non toxic
heard,non toxic
reported,non toxic
life,non toxic
sympathizer,non toxic
blacks,non toxic
isolated,non toxic
picture,non toxic
tweakers,non toxic
banal,non toxic
pence,non toxic
meals,non toxic
migrate,non toxic
went,non toxic
amazingly,non toxic
hopping,non toxic
trial,non toxic
domestic,non toxic
niger,non toxic
overrun,non toxic
latelys,non toxic
embrace,non toxic
never,non toxic
judges,non toxic
edith,non toxic
suppose,non toxic
drugs,non toxic
barbara,non toxic
everybody,non toxic
headed,non toxic
benevolent,non toxic
drain,non toxic
add,non toxic
inouye,non toxic
upside,non toxic
horrible,non toxic
jet,non toxic
international,non toxic
fiscal,non toxic
whose,non toxic
caregivers,non toxic
foggiest,non toxic
shooting,non toxic
review,non toxic
wall,non toxic
beloved,non toxic
pounded,non toxic
acting,non toxic
vile,non toxic
typing,non toxic
direction,non toxic
hst,non toxic
disappearing,non toxic
instructed,non toxic
portrayed,non toxic
get,non toxic
hart,non toxic
wages,non toxic
duterte,non toxic
profiling,non toxic
organizations,non toxic
say,non toxic
politically,non toxic
surprisingly,non toxic
coach,non toxic
adding,non toxic
paraphrased,non toxic
picking,non toxic
profits,non toxic
richard,non toxic
bossie,non toxic
interest,non toxic
increased,non toxic
fun,non toxic
populations,non toxic
solved,non toxic
generals,non toxic
deviate,non toxic
confuse,non toxic
mathematics,non toxic
afraid,non toxic
plausible,non toxic
seeing,non toxic
nice,non toxic
obama,non toxic
example,non toxic
slapped,non toxic
yeah,non toxic
wee,non toxic
insured,non toxic
ingest,non toxic
build,non toxic
statements,non toxic
suggestion,non toxic
son,non toxic
ransacked,non toxic
helped,non toxic
comment,non toxic
called,non toxic
unafordable,non toxic
got,non toxic
military,non toxic
collective,non toxic
coming,non toxic
coastline,non toxic
d,non toxic
firm,non toxic
thuggery,non toxic
votes,non toxic
sympathy,non toxic
aide,non toxic
if,non toxic
un,non toxic
conway,non toxic
safe,non toxic
parenthood,non toxic
certainly,non toxic
changing,non toxic
stake,non toxic
bloats,non toxic
violence,non toxic
fucks,non toxic
narcissist,non toxic
paid,non toxic
preteen,non toxic
posting,non toxic
roger,non toxic
everytime,non toxic
almost,non toxic
birth,non toxic
unionized,non toxic
pp,non toxic
harassment,non toxic
mill,non toxic
mostly,non toxic
revenues,non toxic
viable,non toxic
shawn,non toxic
doctors,non toxic
trust,non toxic
caplan,non toxic
underestimate,non toxic
willing,non toxic
nation,non toxic
regulations,non toxic
catastrophic,non toxic
distracted,non toxic
eyes,non toxic
communist,non toxic
maryland,non toxic
sort,non toxic
shareholders,non toxic
something,non toxic
game,non toxic
win,non toxic
housed,non toxic
private,non toxic
charges,non toxic
lady,non toxic
filth,non toxic
meetings,non toxic
speciousness,non toxic
predictable,non toxic
chant,non toxic
failing,non toxic
museum,non toxic
assad,non toxic
computer,non toxic
reporter,non toxic
an,non toxic
minority,non toxic
wingers,non toxic
fuckwits,non toxic
produced,non toxic
politeness,non toxic
colonies,non toxic
funded,non toxic
rules,non toxic
scorn,non toxic
disaster,non toxic
convey,non toxic
suburban,non toxic
class,non toxic
against,non toxic
ecological,non toxic
construction,non toxic
cliches,non toxic
germany,non toxic
rid,non toxic
